{
	"ascender": "8",
	"descender": "3",
	"lineheight": "12",
	"space": "0",

	"texture": "freefont_sampled.png",
	"characters":
	{
		" ": "2 0 3 1",
		"!": "8 0 4 12",
		"\"":"15 0 5 12",
		"#": "23 0 6 12",
		"$": "32 0 6 12",
		"%": "41 0 9 12",
		"&": "53 0 8 12",
		"'": "64 0 3 12",
		"(": "70 0 4 12",
		")": "77 0 4 12",
		"*": "84 0 4 12",
		"+": "91 0 6 12",
		",": "100 0 3 12",
		"-": "106 0 4 12",
		".": "113 0 3 12",
		"/": "119 0 3 12",
		"0": "125 0 6 12",
		"1": "134 0 6 12",
		"2": "143 0 6 12",
		"3": "152 0 6 12",
		"4": "161 0 6 12",
		"5": "170 0 6 12",
		"6": "179 0 6 12",
		"7": "188 0 6 12",
		"8": "197 0 6 12",
		"9": "206 0 6 12",
		":": "215 0 3 12",
		";": "221 0 3 12",
		"<": "227 0 6 12",
		"=": "236 0 6 12",
		">": "245 0 6 12",
		"?": "254 0 7 12",
		"@": "264 0 10 12",
		"A": "277 0 7 12",
		"B": "287 0 8 12",
		"C": "298 0 8 12",
		"D": "309 0 8 12",
		"E": "320 0 7 12",
		"F": "330 0 7 12",
		"G": "340 0 8 12",
		"H": "351 0 8 12",
		"I": "362 0 3 12",
		"J": "368 0 6 12",
		"K": "377 0 8 12",
		"L": "388 0 7 12",
		"M": "398 0 9 12",
		"N": "410 0 8 12",
		"O": "421 0 8 12",
		"P": "432 0 8 12",
		"Q": "442 0 8 12",
		"R": "453 0 8 12",
		"S": "464 0 7 12",
		"T": "474 0 7 12",
		"U": "484 0 8 12",
		"V": "495 0 7 12",
		"W": "505 0 10 12",
		"X": "518 0 7 12",
		"Y": "528 0 7 12",
		"Z": "538 0 6 12",
		"[": "547 0 4 12",
		"\\":"554 0 3 12",
		"]": "560 0 4 12",
		"^": "567 0 6 12",
		"_": "576 0 6 12",
		"`": "585 0 3 12",
		"a": "591 0 6 12",
		"b": "600 0 7 12",
		"c": "610 0 6 12",
		"d": "619 0 7 12",
		"e": "629 0 6 12",
		"f": "638 0 4 12",
		"g": "645 0 7 12",
		"h": "655 0 6 12",
		"i": "664 0 3 12",
		"j": "670 0 3 12",
		"k": "676 0 6 12",
		"l": "685 0 3 12",
		"m": "691 0 10 12",
		"n": "704 0 7 12",
		"o": "714 0 7 12",
		"p": "724 0 7 12",
		"q": "734 0 7 12",
		"r": "744 0 4 12",
		"s": "751 0 6 12",
		"t": "760 0 4 12",
		"u": "767 0 7 12",
		"v": "777 0 6 12",
		"w": "786 0 8 12",
		"x": "797 0 6 12",
		"y": "806 0 6 12",
		"z": "815 0 5 12",
		"{": "823 0 4 12",
		"|": "830 0 3 12",
		"}": "836 0 4 12",
		"~": "843 0 6 12"
	}
}