{
	"ascender": "10",
	"descender": "3",
	"lineheight": "14",
	"space": "1",

	"texture": "freefont_pixeled.png",
	"characters":
	{
		" ": "91 1 3 10",
		"!": "1 1 2 10",
		"\"":"4 1 5 10",
		"#": "10 1 7 10",
		"$": "18 1 8 10",
		"%": "27 1 11 10",
		"&": "39 1 8 10",
		"'": "4 1 2 10",
		"(": "48 1 4 10",
		")": "53 1 4 10",
		"*": "66 1 8 10",
		"+": "67 1 6 10",
		",": "74 1 2 12",
		"-": "77 1 4 10",
		".": "82 1 2 10",
		"/": "85 1 5 10",

		"0": "1 15 6 10",
		"1": "8 15 6 10",
		"2": "15 15 6 10",
		"3": "22 15 6 10",
		"4": "29 15 6 10",
		"5": "36 15 6 10",
		"6": "43 15 6 10",
		"7": "50 15 6 10",
		"8": "57 15 6 10",
		"9": "64 15 6 10",

		":": "100 1 2 10",
		";": "103 1 2 12",
		"<": "106 1 7 10",
		"=": "114 1 6 10",
		">": "121 1 7 10",
		"?": "129 1 6 10",
		"|": "136 1 9 10",

		"A": "1 29 6 10",
		"B": "8 29 6 10",
		"C": "15 29 6 10",
		"D": "22 29 6 10",
		"E": "29 29 6 10",
		"F": "36 29 6 10",
		"G": "43 29 6 10",
		"H": "50 29 6 10",
		"I": "57 29 2 10",
		"J": "60 29 6 10",
		"K": "67 29 7 10",
		"L": "75 29 5 10",
		"M": "81 29 7 10",
		"N": "89 29 7 10",
		"O": "97 29 6 10",
		"P": "104 29 6 10",
		"Q": "111 29 7 10",
		"R": "119 29 6 10",
		"S": "126 29 6 10",
		"T": "133 29 6 10",
		"U": "140 29 6 10",
		"V": "147 29 6 10",
		"W": "154 29 7 10",
		"X": "162 29 7 10",
		"Y": "170 29 6 10",
		"Z": "177 29 6 10",

		"[": "150 1 4 10",
		"\\":"155 1 5 10",
		"]": "161 1 4 10",
		"^": "166 1 6 10",
		"_": "173 1 6 12",
		"`": "180 1 4 10",

		"a": "1 40 6 10",
		"b": "8 40 6 10",
		"c": "15 40 6 10",
		"d": "22 40 6 10",
		"e": "29 40 6 10",
		"f": "36 40 6 10",
		"g": "43 42 6 19",
		"h": "50 40 6 10",
		"i": "57 40 2 10",
		"j": "60 40 4 10",
		"k": "65 40 6 10",
		"l": "72 40 2 10",
		"m": "75 40 7 10",
		"n": "83 40 6 10",
		"o": "90 40 6 10",
		"p": "97 40 6 13",
		"q": "104 40 6 13",
		"r": "112 40 6 10",
		"s": "119 40 6 10",
		"t": "126 40 5 10",
		"u": "132 40 6 10",
		"v": "139 40 6 10",
		"w": "146 40 7 10",
		"x": "154 40 7 10",
		"y": "162 40 6 13",
		"z": "169 40 7 10",

		"{": "190 1 5 10",
		"|": "196 1 2 10",
		"}": "199 1 5 10",
		"~": "205 1 8 10"
	}
}