{
	"ascender": "9",
	"descender": "2",
	"lineheight": "13",
	"space": "-1",

	"texture": "monofont.png",
	"characters":
	{
		" ": "0 0 7 11",
		"!": "7 0 7 11",
		"\"":"14 0 7 11",
		"#": "21 0 7 11",
		"$": "28 0 7 11",
		"%": "35 0 7 11",
		"&": "42 0 7 11",
		"'": "49 0 7 11",
		"(": "56 0 7 11",
		")": "63 0 7 11",
		"*": "70 0 7 11",
		"+": "77 0 7 11",
		",": "84 0 7 11",
		"-": "91 0 7 11",
		".": "98 0 7 11",
		"/": "105 0 7 11",
		"0": "112 0 7 11",
		"1": "119 0 7 11",
		"2": "126 0 7 11",
		"3": "133 0 7 11",
		"4": "140 0 7 11",
		"5": "147 0 7 11",
		"6": "154 0 7 11",
		"7": "161 0 7 11",
		"8": "168 0 7 11",
		"9": "175 0 7 11",
		":": "182 0 7 11",
		";": "189 0 7 11",
		"<": "196 0 7 11",
		"=": "203 0 7 11",
		">": "210 0 7 11",
		"?": "217 0 7 11",
		"@": "0 12 7 11",
		"A": "7 12 7 11",
		"B": "14 12 7 11",
		"C": "21 12 7 11",
		"D": "28 12 7 11",
		"E": "35 12 7 11",
		"F": "42 12 7 11",
		"G": "49 12 7 11",
		"H": "56 12 7 11",
		"I": "63 12 7 11",
		"J": "70 12 7 11",
		"K": "77 12 7 11",
		"L": "84 12 7 11",
		"M": "91 12 7 11",
		"N": "98 12 7 11",
		"O": "105 12 7 11",
		"P": "112 12 7 11",
		"Q": "119 12 7 11",
		"R": "126 12 7 11",
		"S": "133 12 7 11",
		"T": "140 12 7 11",
		"U": "147 12 7 11",
		"V": "154 12 7 11",
		"W": "161 12 7 11",
		"X": "168 12 7 11",
		"Y": "175 12 7 11",
		"Z": "182 12 7 11",
		"[": "189 12 7 11",
		"\\":"196 12 7 11",
		"]": "203 12 7 11",
		"^": "210 12 7 11",
		"_": "217 12 7 11",
		"`": "0 24 7 11",
		"a": "7 24 7 11",
		"b": "14 24 7 11",
		"c": "21 24 7 11",
		"d": "28 24 7 11",
		"e": "35 24 7 11",
		"f": "42 24 7 11",
		"g": "49 24 7 11",
		"h": "56 24 7 11",
		"i": "63 24 7 11",
		"j": "70 24 7 11",
		"k": "77 24 7 11",
		"l": "84 24 7 11",
		"m": "91 24 7 11",
		"n": "98 24 7 11",
		"o": "105 24 7 11",
		"p": "112 24 7 11",
		"q": "119 24 7 11",
		"r": "126 24 7 11",
		"s": "133 24 7 11",
		"t": "140 24 7 11",
		"u": "147 24 7 11",
		"v": "154 24 7 11",
		"w": "161 24 7 11",
		"x": "168 24 7 11",
		"y": "175 24 7 11",
		"z": "182 24 7 11",
		"{": "189 24 7 11",
		"|": "196 24 7 11",
		"}": "203 24 7 11",
		"~": "210 24 7 11"
	}
}