{
	"ascender": "9",
	"descender": "3",
	"lineheight": "14",
	"space": "1",

	"texture": "oxyfont_light.png",
	"characters":
	{
		"0": "0 0 5 9",
		"1": "6 0 2 9",
		"2": "9 0 5 9",
		"3": "15 0 5 9",
		"4": "21 0 5 9",
		"5": "27 0 5 9",
		"6": "33 0 5 9",
		"7": "39 0 5 9",
		"8": "45 0 5 9",
		"9": "51 0 5 9",
		"+": "57 0 5 9",
		"-": "63 0 4 9",
		"/": "68 0 4 9",
		"&": "73 0 5 9",
		"%": "81 0 9 9",
		"<": "91 0 6 9",
		">": "98 0 6 9",
		"(": "105 0 3 9",
		")": "109 0 3 9",
		"'": "113 0 2 9",
		"\"":"113 0 5 9",
		".": "119 0 1 9",
		",": "121 0 2 11",
		":": "124 0 1 9",
		"!": "126 0 1 9",
		"?": "128 0 4 9",
		" ": "133 0 4 1",

		"A": "0 11 5 9",
		"B": "6 11 5 9",
		"C": "12 11 5 9",
		"D": "18 11 5 9",
		"E": "24 11 4 9",
		"F": "29 11 4 9",
		"G": "34 11 5 9",
		"H": "40 11 5 9",
		"I": "46 11 1 9",
		"J": "48 11 4 9",
		"K": "53 11 5 9",
		"L": "59 11 4 9",
		"M": "64 11 7 9",
		"N": "72 11 6 9",
		"O": "79 11 6 9",
		"P": "86 11 5 9",
		"Q": "92 11 6 9",
		"R": "99 11 5 9",
		"S": "105 11 5 9",
		"T": "111 11 5 9",
		"U": "117 11 5 9",
		"V": "123 11 5 9",
		"W": "129 11 7 9",
		"X": "137 11 5 9",
		"Y": "143 11 5 9",
		"Z": "149 11 5 9",

		"a": "0 21 4 9",
		"b": "5 21 4 9",
		"c": "10 21 4 9",
		"d": "15 21 4 9",
		"e": "20 21 4 9",
		"f": "25 21 3 9",
		"g": "29 21 4 12",
		"h": "34 21 4 9",
		"i": "39 21 1 9",
		"j": "41 21 3 12",
		"k": "45 21 4 9",
		"l": "50 21 1 9",
		"m": "52 21 5 9",
		"n": "58 21 4 9",
		"o": "63 21 4 9",
		"p": "68 21 4 12",
		"q": "73 21 4 12",
		"r": "78 21 3 9",
		"s": "82 21 4 9",
		"t": "87 21 3 9",
		"u": "91 21 4 9",
		"v": "96 21 5 9",
		"w": "102 21 5 9",
		"x": "108 21 5 9",
		"y": "114 21 4 12",
		"z": "119 21 4 9"
	}
}