{
	"ascender": "7",
	"descender": "2",
	"lineheight": "10",
	"space": "1",

	"texture": "oxyfont_small.png",
	"characters":
	{
		" ": "67 1 4 1",
		"!": "1 1 2 7",
		"\"":"4 1 3 7",
		"#": "8 1 5 7",
		"$": "14 1 5 7",
		"%": "20 1 5 7",
		"&": "26 1 5 7",
		"'": "4 1 1 7",
		"(": "32 1 3 7",
		")": "36 1 3 7",
		"*": "40 1 5 7",
		"+": "46 1 4 7",
		",": "52 1 3 9",
		"-": "55 1 3 7",
		".": "59 1 2 7",
		"/": "62 1 5 7",

		"0": "1 11 5 7",
		"1": "7 11 3 7",
		"2": "12 11 5 7",
		"3": "18 11 5 7",
		"4": "24 11 5 7",
		"5": "30 11 5 7",
		"6": "36 11 5 7",
		"7": "42 11 5 7",
		"8": "48 11 5 7",
		"9": "54 11 5 7",

		":": "80 1 2 7",
		";": "83 1 3 9",
		"<": "87 1 4 7",
		"=": "92 1 4 7",
		">": "97 1 4 7",
		"?": "102 1 4 7",
		"@": "107 1 7 7",

		"A": "1 21 5 7",
		"B": "7 21 5 7",
		"C": "13 21 5 7",
		"D": "19 21 5 7",
		"E": "25 21 5 7",
		"F": "31 21 5 7",
		"G": "37 21 5 7",
		"H": "43 21 5 7",
		"I": "49 21 2 7",
		"J": "52 21 5 7",
		"K": "58 21 5 7",
		"L": "64 21 5 7",
		"M": "70 21 7 7",
		"N": "78 21 5 7",
		"O": "84 21 6 7",
		"P": "91 21 5 7",
		"Q": "97 21 6 7",
		"R": "104 21 5 7",
		"S": "110 21 5 7",
		"T": "116 21 6 7",
		"U": "123 21 5 7",
		"V": "129 21 7 7",
		"W": "137 21 7 7",
		"X": "145 21 5 7",
		"Y": "151 21 6 7",
		"Z": "158 21 5 7",

		"[": "120 1 3 7",
		"\\":"124 1 5 7",
		"]": "130 1 3 7",
		"^": "134 1 5 7",
		"_": "140 1 4 9",
		"`": "145 1 3 7",

		"a": "1 31 5 7",
		"b": "7 31 5 7",
		"c": "13 31 5 7",
		"d": "19 31 5 7",
		"e": "25 31 5 7",
		"f": "31 31 5 7",
		"g": "37 31 5 9",
		"h": "43 31 5 7",
		"i": "49 31 2 7",
		"j": "52 31 4 9",
		"k": "57 31 5 7",
		"l": "63 31 2 7",
		"m": "66 31 7 7",
		"n": "74 31 5 7",
		"o": "80 31 5 7",
		"p": "86 31 5 9",
		"q": "92 31 5 9",
		"r": "98 31 5 7",
		"s": "104 31 5 7",
		"t": "110 31 4 7",
		"u": "115 31 5 7",
		"v": "121 31 5 7",
		"w": "127 31 7 7",
		"x": "135 31 5 7",
		"y": "141 31 5 9",
		"z": "147 31 5 7",

		"{": "100 11 4 7",
		"|": "105 11 2 7",
		"}": "108 11 4 7",
		"~": "113 11 6 7",

		// Special symbols
		"\u21f3": "147 10 6 9",		// Up down arrow
		"\u25c4": "154 10 4 9",		// Pointer left
		"\u25ba": "159 10 4 9"		// Pointer right
	}
}