{
	"ascender": "10",
	"descender": "3",
	"lineheight": "14",
	"space": "1",

	"texture": "oxyfont_regular.png",
	"characters":
	{
		" ": "91 1 3 10",
		"!": "1 1 2 10",
		"\"":"4 1 5 10",
		"#": "10 1 7 10",
		"$": "18 1 8 10",
		"%": "27 1 11 10",
		"&": "39 1 8 10",
		"'": "4 1 2 10",
		"(": "48 1 4 10",
		")": "53 1 4 10",
		"*": "66 1 8 10",
		"+": "67 1 6 10",
		",": "74 1 2 12",
		"-": "77 1 4 10",
		".": "82 1 2 10",
		"/": "85 1 5 10",

		"0": "1 15 6 10",
		"1": "8 15 6 10",
		"2": "15 15 6 10",
		"3": "22 15 6 10",
		"4": "29 15 6 10",
		"5": "36 15 6 10",
		"6": "43 15 6 10",
		"7": "50 15 6 10",
		"8": "57 15 6 10",
		"9": "64 15 6 10",

		":": "100 1 2 10",
		";": "103 1 2 12",
		"<": "106 1 7 10",
		"=": "114 1 6 10",
		">": "121 1 7 10",
		"?": "129 1 6 10",
		"|": "136 1 9 10",

		"A": "1 29 7 10",
		"B": "9 29 7 10",
		"C": "17 29 8 10",
		"D": "26 29 8 10",
		"E": "35 29 7 10",
		"F": "43 29 6 10",
		"G": "50 29 8 10",
		"H": "59 29 8 10",
		"I": "68 29 2 10",
		"J": "72 29 6 10",
		"K": "79 29 7 10",
		"L": "87 29 7 10",
		"M": "95 29 10 10",
		"N": "106 29 8 10",
		"O": "115 29 8 10",
		"P": "124 29 7 10",
		"Q": "132 29 9 10",
		"R": "142 29 7 10",
		"S": "150 29 7 10",
		"T": "158 29 8 10",
		"U": "167 29 7 10",
		"V": "175 29 7 10",
		"W": "183 29 10 10",
		"X": "194 29 7 10",
		"Y": "202 29 6 10",
		"Z": "209 29 8 10",

		"[": "150 1 4 10",
		"\\":"155 1 5 10",
		"]": "161 1 4 10",
		"^": "166 1 6 10",
		"_": "173 1 6 12",
		"`": "180 1 4 10",

		"a": "1 43 6 10",
		"b": "8 43 6 10",
		"c": "15 43 6 10",
		"d": "22 43 6 10",
		"e": "29 43 6 10",
		"f": "36 43 4 10",
		"g": "41 43 6 13",
		"h": "48 43 6 10",
		"i": "55 43 2 10",
		"j": "58 43 4 13",
		"k": "63 43 6 10",
		"l": "70 43 2 10",
		"m": "73 43 8 10",
		"n": "82 43 6 10",
		"o": "89 43 6 10",
		"p": "96 43 6 13",
		"q": "103 43 6 13",
		"r": "110 43 4 10",
		"s": "115 43 5 10",
		"t": "121 43 4 10",
		"u": "126 43 6 10",
		"v": "133 43 7 10",
		"w": "141 43 8 10",
		"x": "150 43 7 10",
		"y": "158 43 6 13",
		"z": "165 43 6 10",

		"{": "190 1 5 10",
		"|": "196 1 2 10",
		"}": "199 1 5 10",
		"~": "205 1 8 10"
	}
}