{
	"ascender": "6",
	"descender": "2",
	"lineheight": "9",
	"space": "1",

	"texture": "oxyfont_tiny_narrow.png",
	"characters":
	{
		" ": "55 1 3 1",
		"!": "1 1 1 6",
		"\"":"3 1 3 6",
		"#": "7 1 5 6",
		"$": "13 1 3 6",
		"%": "17 1 4 6",
		"&": "22 1 4 6",
		"'": "3 1 1 6",
		"(": "27 1 2 6",
		")": "30 1 2 6",
		"*": "33 1 3 6",
		"+": "37 1 3 6",
		",": "41 1 2 8",
		"-": "44 1 3 6",
		".": "48 1 1 6",
		"/": "50 1 4 6",

		"0": "1 10 4 6",
		"1": "6 10 2 6",
		"2": "9 10 4 6",
		"3": "14 10 4 6",
		"4": "19 10 4 6",
		"5": "24 10 4 6",
		"6": "29 10 4 6",
		"7": "34 10 4 6",
		"8": "39 10 4 6",
		"9": "44 10 4 6",

		":": "60 1 1 6",
		";": "62 1 2 6",
		"<": "65 1 3 6",
		"=": "69 1 3 6",
		">": "73 1 3 6",
		"?": "77 1 4 6",
		"@": "82 1 5 6",

		"A": "1 19 4 6",
		"B": "6 19 4 6",
		"C": "11 19 4 6",
		"D": "16 19 4 6",
		"E": "21 19 4 6",
		"F": "26 19 4 6",
		"G": "31 19 4 6",
		"H": "36 19 4 6",
		"I": "41 19 1 6",
		"J": "43 19 4 6",
		"K": "48 19 4 6",
		"L": "53 19 4 6",
		"M": "58 19 5 6",
		"N": "64 19 4 6",
		"O": "69 19 5 6",
		"P": "75 19 4 6",
		"Q": "80 19 5 6",
		"R": "86 19 4 6",
		"S": "91 19 4 6",
		"T": "96 19 5 6",
		"U": "102 19 4 6",
		"V": "107 19 5 6",
		"W": "113 19 5 6",
		"X": "119 19 5 6",
		"Y": "125 19 5 6",
		"Z": "131 19 4 6",

		"[": "90 1 2 6",
		"\\":"93 1 4 6",
		"]": "98 1 2 6",
		"^": "101 1 3 6",
		"_": "105 1 4 8",
		"`": "102 1 2 6",

		"a": "1 28 3 6",
		"b": "5 28 3 6",
		"c": "9 28 3 6",
		"d": "13 28 3 6",
		"e": "17 28 3 6",
		"f": "21 28 3 6",
		"g": "25 28 3 8",
		"h": "29 28 3 6",
		"i": "33 28 1 6",
		"j": "35 28 2 8",
		"k": "38 28 3 6",
		"l": "42 28 1 6",
		"m": "44 28 5 6",
		"n": "50 28 3 6",
		"o": "54 28 3 6",
		"p": "58 28 3 8",
		"q": "62 28 3 8",
		"r": "66 28 3 6",
		"s": "70 28 3 6",
		"t": "74 28 3 6",
		"u": "78 28 3 6",
		"v": "82 28 3 6",
		"w": "86 28 5 6",
		"x": "92 28 3 6",
		"y": "96 28 3 8",
		"z": "100 28 3 6",

		"{": "110 1 3 7",
		"|": "114 1 1 6",
		"}": "116 1 3 7",
		"~": "120 1 4 6"
	}
}