{
	"ascender": "5",
	"descender": "0",
	"lineheight": "6",
	"space": "1",

	"texture": "smallfont.png",
	"characters":
	{
		" ": "1 1 2 5",
		"!": "4 1 1 5",
		"\"": "6 1 3 5",
		"#": "10 1 5 5",
		"$": "16 1 3 6",
		"%": "20 1 3 5",
		"&": "24 1 4 5",
		"'": "29 1 1 5",
		"(": "31 1 2 5",
		")": "34 1 2 5",
		"*": "37 1 3 5",
		"+": "41 1 3 5",
		",": "45 1 2 6",
		"-": "48 1 3 5",
		".": "52 1 1 5",
		"/": "54 1 5 5",
			
		"0": "1 8 3 5",
		"1": "5 8 3 5",
		"2": "9 8 3 5",
		"3": "13 8 3 5",
		"4": "17 8 3 5",
		"5": "21 8 3 5",
		"6": "25 8 3 5",
		"7": "29 8 3 5",
		"8": "33 8 3 5",
		"9": "37 8 3 5",
		":": "41 8 1 5",
		";": "43 8 2 6",
		"<": "46 8 3 5",
		"=": "50 8 3 5",
		">": "54 8 3 5",
		"?": "58 8 3 5",
			
		"@": "1 15 4 5",
		"A": "6 15 3 5",
		"B": "10 15 3 5",
		"C": "14 15 3 5",
		"D": "18 15 3 5",
		"E": "22 15 3 5",
		"F": "26 15 3 5",
		"G": "30 15 3 5",
		"H": "34 15 3 5",
		"I": "38 15 1 5",
		"J": "40 15 3 5",
		"K": "44 15 3 5",
		"L": "48 15 3 5",
		"M": "52 15 5 5",
		"N": "58 15 3 5",
		"O": "62 15 3 5",
			
		"P": "1 22 3 5",
		"Q": "5 22 3 5",
		"R": "9 22 3 5",
		"S": "13 22 3 5",
		"T": "17 22 3 5",
		"U": "21 22 3 5",
		"V": "25 22 3 5",
		"W": "29 22 5 5",
		"X": "35 22 3 5",
		"Y": "39 22 3 5",
		"Z": "43 22 3 5",
		"[": "47 22 2 5",
		"/": "50 22 5 5",
		"]": "56 22 2 5",
		"^": "59 22 3 5",
		"_": "63 22 3 6",

		"`": "1 29 2 5",
		"a": "redirect: A",
		"b": "redirect: B",
		"c": "redirect: C",
		"d": "redirect: D",
		"e": "redirect: E",
		"f": "redirect: F",
		"g": "redirect: G",
		"h": "redirect: H",
		"i": "redirect: I",
		"j": "redirect: J",
		"k": "redirect: K",
		"l": "redirect: L",
		"m": "redirect: M",
		"n": "redirect: N",
		"o": "redirect: O",

		"p": "redirect: P",
		"q": "redirect: Q",
		"r": "redirect: R",
		"s": "redirect: S",
		"t": "redirect: T",
		"u": "redirect: U",
		"v": "redirect: V",
		"w": "redirect: W",
		"x": "redirect: X",
		"y": "redirect: Y",
		"z": "redirect: Z",
		"{": "4 29 3 5",
		"|": "8 29 1 5",
		"}": "10 29 3 5",
		"~": "14 29 4 5",
		"\u02c5": "19 29 3 5"	// Special small v used in version number display
	}
}