{
	"ascender": "6",
	"descender": "1",
	"lineheight": "8",
	"space": "0",

	"texture": "sonic3_fontB.png",
	"characters":
	{
		"A": "1 0 8 8",
		"B": "10 0 8 8",
		"C": "19 0 8 8",
		"D": "28 0 8 8",
		"E": "37 0 8 8",
		"F": "46 0 8 8",
		"G": "55 0 8 8",
		"H": "64 0 8 8",
		"I": "73 0 4 8",
		"J": "78 0 8 8",
		"K": "87 0 8 8",
		"L": "96 0 8 8",
		"M": "105 0 8 8",
		"N": "114 0 8 8",
		"O": "123 0 8 8",
		"P": "132 0 8 8",
		"Q": "141 0 8 8",
		"R": "150 0 8 8",
		"S": "159 0 8 8",
		"T": "168 0 8 8",
		"U": "177 0 8 8",
		"V": "186 0 8 8",
		"W": "195 0 8 8",
		"X": "204 0 8 8",
		"Y": "213 0 8 8",
		"Z": "222 0 8 8",

		"*": "231 0 6 8",
		"0": "238 0 8 8",
		"1": "247 0 7 8",
		"2": "254 0 8 8",
		"3": "263 0 8 8",
		"4": "272 0 8 8",
		"5": "281 0 8 8",
		"6": "290 0 8 8",
		"7": "299 0 8 8",
		"8": "308 0 8 8",
		"9": "317 0 8 8",
		" ": "325 0 6 8",
		":": "332 0 8 8",
		"+": "340 0 8 8",
		".": "349 0 6 8",
		",": "357 0 6 8",
		"_": "364 0 7 8",
		"-": "372 0 6 8",

		"a": "redirect: A",
		"b": "redirect: B",
		"c": "redirect: C",
		"d": "redirect: D",
		"e": "redirect: E",
		"f": "redirect: F",
		"g": "redirect: G",
		"h": "redirect: H",
		"i": "redirect: I",
		"j": "redirect: J",
		"k": "redirect: K",
		"l": "redirect: L",
		"m": "redirect: M",
		"n": "redirect: N",
		"o": "redirect: O",
		"p": "redirect: P",
		"q": "redirect: Q",
		"r": "redirect: R",
		"s": "redirect: S",
		"t": "redirect: T",
		"u": "redirect: U",
		"v": "redirect: V",
		"w": "redirect: W",
		"x": "redirect: X",
		"y": "redirect: Y",
		"z": "redirect: Z",
		"&": "redirect: +"
	}
}