{
	"ascender": "14",
	"descender": "1",
	"lineheight": "18",
	"space": "3.9",

	"texture": "sonic3_fontC.png",
	"characters":
	{
		"A": "1 1 15 17",
		"B": "19 1 13 17",
		"C": "35 1 14 17",
		"D": "52 1 14 17",
		"E": "69 1 11 17",
		"F": "83 1 11 17",
		"G": "97 1 16 17",
		"H": "116 1 12 17",
		"I": "131 1 4 16",
		"J": "138 1 12 17",
		"K": "153 1 12 17",
		"L": "168 1 10 17",
		"M": "181 1 15 17",
		"N": "199 1 14 17",
		"O": "216 1 15 17",
		"P": "234 1 13 17",
		"Q": "250 1 16 17",
		"R": "269 1 14 17",
		"S": "285 1 12 17",
		"T": "300 1 12 17",
		"U": "315 1 12 17",
		"V": "330 1 17 17",
		"W": "350 1 22 17",
		"X": "375 1 16 17",
		"Y": "394 1 15 17",
		"Z": "412 1 14 17",

		"0": "429 1 13 17",
		"1": "445 1 6 17",
		"2": "454 1 12 17",
		"3": "469 1 12 17",
		"4": "484 1 13 17",
		"5": "500 1 12 17",
		"6": "515 1 12 17",
		"7": "530 1 12 17",
		"8": "545 1 12 17",
		"9": "560 1 12 17",
		":": "575 1 3 17",
		"'": "581 1 6 17",
		"\"": "587 1 7 17",
		" ": "597 1 7 1",
		"°": "597 1 7 1",		// Used as short space

		"a": "redirect: A",
		"b": "redirect: B",
		"c": "redirect: C",
		"d": "redirect: D",
		"e": "redirect: E",
		"f": "redirect: F",
		"g": "redirect: G",
		"h": "redirect: H",
		"i": "redirect: I",
		"j": "redirect: J",
		"k": "redirect: K",
		"l": "redirect: L",
		"m": "redirect: M",
		"n": "redirect: N",
		"o": "redirect: O",
		"p": "redirect: P",
		"q": "redirect: Q",
		"r": "redirect: R",
		"s": "redirect: S",
		"t": "redirect: T",
		"u": "redirect: U",
		"v": "redirect: V",
		"w": "redirect: W",
		"x": "redirect: X",
		"y": "redirect: Y",
		"z": "redirect: Z"
	}
}