{
	// Backgronds & Foreground
	"AIZ_Bushes": 		{ "File": "AIZBFG.bmp"},
	"AIZ_TreeBush": 	{ "File": "AIZFG.bmp"},
	"FBZ_Moon": 		{ "File": "FBZ_Moon.bmp"},
	"FBZ_Sun": 		{ "File": "FBZ_Sun.bmp"},
	"FBZ_Trees": 		{ "File": "FBZ_Tees.png"},
	"MHZ_TreeLeaves": 	{ "File": "MHZ Tees.png"},
	"DEZ_Master_Emerald": 	{ "File": "DEZ1_Master_Emerald.bmp"},
	"DEZ_KnuxBG":		{ "File": "DEZKBG.png"},
	"DEZ2_KnuxBG":		{ "File": "DEZ2KBG.png"},
	"DEZ2_BFG":		{ "File": "DEZ2.bmp"},
	"bg_title_screen":    	{ "File": "Title Screen BG.png", "Center": "40,0" },
	"DataSelectBG_Sonic": 	{ "File": "Data_Select_BG.png", "Rect": "0,0,512,224"},
	"DataSelectBG_Miles": 	{ "File": "Data_Select_BG.png", "Rect": "0,234,512,224"},
	"soz1bg-layer1":  	{ "File": "soz1bg_layer2.bmp", "Rect": "0,0,256,416", "Center": "256,0" },
	"mhzbg_layer1_summer":  { "File": "mhzbg.bmp", "Rect": "0,0,512,768", "Center": "256,0" },
	"mhzbg_layer2_summer":  { "File": "mhzbg.bmp", "Rect": "512,0,512,512", "Center": "256,0" },
	"mhzbg_layer3_summer":  { "File": "mhzbg.bmp", "Rect": "512,512,512,32", "Center": "256,-512" },
	"mhzbg_layer1_autumn":  { "File": "mhzbg.bmp", "Rect": "0,0,512,768", "Center": "256,0" },
	"mhzbg_layer2_autumn":  { "File": "mhzbg.bmp", "Rect": "512,0,512,512", "Center": "256,0" },
	"mhzbg_layer3_autumn":  { "File": "mhzbg.bmp", "Rect": "512,512,512,32", "Center": "256,-512" },
	"mhzbg_layer1_winter":  { "File": "mhzbg.bmp", "Rect": "0,0,512,768", "Center": "256,0" },
	"mhzbg_layer2_winter":  { "File": "mhzbg.bmp", "Rect": "512,0,512,512", "Center": "256,0" },
	"mhzbg_layer3_winter":  { "File": "mhzbg.bmp", "Rect": "512,512,512,32", "Center": "256,-512" },
	"cnzbg_layer1":  { "File": "cnzbg_layer2.bmp", "Rect": "0,0,512,104", "Center": "256,0" },
	"cnzbg_layer2":  { "File": "cnzbg_layer2.bmp", "Rect": "0,103,512,24", "Center": "256,-103" },
	"cnzbg_layer3":  { "File": "cnzbg_layer2.bmp", "Rect": "0,127,512,56", "Center": "256,-127" },
	"cnzbg_layer4":  { "File": "cnzbg_layer2.bmp", "Rect": "0,183,512,88", "Center": "256,-183" },
	"cnzbg_layer5":  { "File": "cnzbg_layer2.bmp", "Rect": "0,271,512,240", "Center": "256,-271" },
}